<!DOCTYPE suite SYSTEM "http://testng.org/testng-1.0.dtd">

<suite thread-count="1" verbose="1" name="Uboss-5-0-5" annotations="JDK" parallel="tests">

<test name="com.drd.uboss5.testbase">
		<classes>
			<class name="com.drd.uboss5.testbase.ExcelandScreenShot" />
		</classes>
	</test>
	
	
	<test name="TariffExemptions">
		<classes>
			<class name="TariffExemptions.Testcase_CDRTariffExemption_Disti_ADD" />
			<class name="TariffExemptions.Testcase_CDRTariffExemption_Disti_Edit" />
			<class name="TariffExemptions.Testcase_CDRTariffExemption_Reseller_ADD" />
			<class name="TariffExemptions.Testcase_CDRTariffExemption_Reseller_Edit" />
			<class name="TariffExemptions.Testcase_CDRTariffExemption_Business_ADD" />
			<class name="TariffExemptions.Testcase_CDRTariffExemption_Business_Edit" />
			<class name="TariffExemptions.Testcase_CDRTariffExemption_Site_ADD" />
			<class name="TariffExemptions.Testcase_CDRTariffExemption_Site_Edit" />
			<class name="TariffExemptions.Testcase_SDRTariffexemption_Disti_ADD" />
			<class name="TariffExemptions.Testcase_SDRTariffexemption_Disti_Edit" />
			<class name="TariffExemptions.Testcase_SDRTariffexemption_Reseller_ADD" />
			<class name="TariffExemptions.Testcase_SDRTariffexemption_Reseller_Edit" />
			<class name="TariffExemptions.Testcase_SDRTariffexemption_Business_ADD" />
			<class name="TariffExemptions.Testcase_SDRTariffexemption_Business_Edit" />
			<class name="TariffExemptions.Testcase_SDRTariffexemption_Site_ADD" />
			<class name="TariffExemptions.Testcase_SDRTariffexemption_Site_Edit" />
			<class name="TariffExemptions.Testcase_SDROverride_Disti" />
			<class name="TariffExemptions.Testcase_SDROverride_Reslr" />
			<class name="TariffExemptions.Testcase_SDROverride_Busns" />
			<class name="TariffExemptions.Testcase_SDROverride_site" />
			
			
		</classes>
	</test>
	

	<test name="Mobilecallclass">
		<classes>
			<class name="Mobilecallclass.TestCase_Mobilecallclass_PO_ADD" />
			<class name="Mobilecallclass.TestCase_Mobilecallclass_Edit" />
		</classes>
	</test>

	<test name="Poratluser">
		<classes>
			<class name="Poratluser.TestCase_PortalUser_SP_ADD" />
			<class name="Poratluser.TestCase_PortalUser_SP_Edit" />
			<class name="Poratluser.TestCase_PortalUser_PO_ADD" />
			<class name="Poratluser.TestCase_PortalUser_PO_Edit" />
			<class name="Poratluser.TestCase_PortalUser_Distributor_ADD" />
			<class name="Poratluser.TestCase_PortalUser_Distributor_Edit" />
			<class name="Poratluser.TestCase_PortalUser_Reseller_ADD" />
			<class name="Poratluser.TestCase_PortalUser_Reseller_Edit" />
			<class name="Poratluser.TestCase_PortalUser_Business_ADD" />
			<class name="Poratluser.TestCase_PortalUser_Business_Edit" />
			<class name="Poratluser.TestCase_PortalUser_ClientBusiness_ADD" />
			<class name="Poratluser.TestCase_PortalUser_ClientBusiness_Edit" />
			<class name="Poratluser.TestCase_PortalUser_Site_ADD" />
			<class name="Poratluser.TestCase_PortalUser_Site_Edit" />
		</classes>
	</test>

<test name="BTInboundreport">
		<classes>
			<class name="BTInboundreport.TestCase_BTInboundreport_PO" />
		</classes>
	</test>

	<test name="Packageservicemigration">
		<classes>
			<class name="Packageservicemigration.Testcase_Package_service_migration" />
			<class name="Packageservicemigration.Testcase_Package_service_migration_distributor" />
			<class name="Packageservicemigration.Testcase_Package_service_migration_Reseller" />
			<class name="Packageservicemigration.Testcase_Package_service_migration_Business" />
		</classes>
	</test>

<test name="Combi_Department_Summary">
		<classes>
			<class name="Combi_Department_Summary.Testcase_CombiDepartment_Summary_Billing_Business" />
			<class name="Combi_Department_Summary.Testcase_CombiDepartment_Summary_Clientbusiness" />
			
		</classes>
	</test>


<test name="Report_Summary">
		<classes>
			<class name="Report_Summary.Testcase_Summary_Distributor_Reseller_PO" />
			<class name="Report_Summary.Testcase_summary_distributor" />
			<class name="Report_Summary.Testcase_Summary_Reseller_Disti" />
			<class name="Report_Summary.Testcase_summary_reseller" />
			<class name="Report_Summary.Testcase_Summary_Business_Rslr" />
			<class name="Report_Summary.Testcase_summary_business" />
			<class name="Report_Summary.Testcase_Summary_site_busns" />
			<class name="Report_Summary.Testcase_summary_site" />
			
		</classes>
	</test>

<test name="Services">
		<classes>
			<class name="Services.Testcase_CallForwarding_Always" />
			<class name="Services.Testcase_CallForwarding_Always_Edit" />
			<class name="Services.Testcase_ServicScript_Groups" />
			<class name="Services.Testcase_ServiceScript_Groups_Edit" />
			<class name="Services.Testcase_Third_Party_User" />
			<class name="Services.Testcase_Third_Party_User_Edit" />
			
		</classes>
	</test>
	
	<test name="ServiceConfig_Client">
		<classes>
			<class name="ServiceConfig_Client.Test_Case_ServiceConfig_Client_BW_Hot_Desking_Host" />
			
		</classes>
	</test>
	
	
			
		
			
	
	

</suite>